event,gender,year,bin_width,bin_center,freq,total,density,event_name
4476,F,1995,0.004166666666666667,2.502083333333333,0.0,57.0,0.0,Houston
4476,F,1995,0.008333333333333333,2.525,0.0,57.0,0.0,Houston
4476,F,1995,0.016666666666666666,2.5125,0.0,57.0,0.0,Houston
4476,F,1995,0.016666666666666666,2.5375,2.0,57.0,0.03508771929824561,Houston
4476,F,1995,0.016666666666666666,2.5541666666666667,2.0,57.0,0.03508771929824561,Houston
4476,F,1995,0.016666666666666666,2.5708333333333333,2.0,57.0,0.03508771929824561,Houston
4476,F,1995,0.016666666666666666,2.5875,2.0,57.0,0.03508771929824561,Houston
4476,F,1995,0.016666666666666666,2.6041666666666665,1.0,57.0,0.017543859649122806,Houston
4476,F,1995,0.016666666666666666,2.620833333333333,0.0,57.0,0.0,Houston
4476,F,1995,0.016666666666666666,2.6375,2.0,57.0,0.03508771929824561,Houston
4476,F,1995,0.016666666666666666,2.6791666666666667,3.0,57.0,0.05263157894736842,Houston
4476,F,1995,0.016666666666666666,2.6958333333333333,2.0,57.0,0.03508771929824561,Houston
4476,F,1995,0.025,2.658333333333333,4.0,57.0,0.07017543859649122,Houston
4476,F,1995,0.025,2.716666666666667,2.0,57.0,0.03508771929824561,Houston
4476,F,1995,0.025,2.7416666666666667,3.0,57.0,0.05263157894736842,Houston
4476,F,1995,0.025,2.7666666666666666,4.0,57.0,0.07017543859649122,Houston
4476,F,1995,0.025,2.7916666666666665,4.0,57.0,0.07017543859649122,Houston
4476,F,1995,0.025,2.85,3.0,57.0,0.05263157894736842,Houston
4476,F,1995,0.03333333333333333,2.8208333333333333,4.0,57.0,0.07017543859649122,Houston
4476,F,1995,0.03333333333333333,2.879166666666667,3.0,57.0,0.05263157894736842,Houston
4476,F,1995,0.041666666666666664,2.9166666666666665,9.0,57.0,0.15789473684210525,Houston
4476,F,1995,0.075,2.975,5.0,57.0,0.08771929824561403,Houston
4476,F,2000,0.004166666666666667,2.502083333333333,0.0,30.0,0.0,Houston
4476,F,2000,0.008333333333333333,2.525,0.0,30.0,0.0,Houston
4476,F,2000,0.016666666666666666,2.5125,0.0,30.0,0.0,Houston
4476,F,2000,0.016666666666666666,2.5375,0.0,30.0,0.0,Houston
4476,F,2000,0.016666666666666666,2.5541666666666667,1.0,30.0,0.03333333333333333,Houston
4476,F,2000,0.016666666666666666,2.5708333333333333,1.0,30.0,0.03333333333333333,Houston
4476,F,2000,0.016666666666666666,2.5875,1.0,30.0,0.03333333333333333,Houston
4476,F,2000,0.016666666666666666,2.6041666666666665,0.0,30.0,0.0,Houston
4476,F,2000,0.016666666666666666,2.620833333333333,1.0,30.0,0.03333333333333333,Houston
4476,F,2000,0.016666666666666666,2.6375,2.0,30.0,0.06666666666666667,Houston
4476,F,2000,0.016666666666666666,2.6791666666666667,0.0,30.0,0.0,Houston
4476,F,2000,0.016666666666666666,2.6958333333333333,1.0,30.0,0.03333333333333333,Houston
4476,F,2000,0.025,2.658333333333333,0.0,30.0,0.0,Houston
4476,F,2000,0.025,2.716666666666667,1.0,30.0,0.03333333333333333,Houston
4476,F,2000,0.025,2.7416666666666667,2.0,30.0,0.06666666666666667,Houston
4476,F,2000,0.025,2.7666666666666666,3.0,30.0,0.1,Houston
4476,F,2000,0.025,2.7916666666666665,1.0,30.0,0.03333333333333333,Houston
4476,F,2000,0.025,2.85,1.0,30.0,0.03333333333333333,Houston
4476,F,2000,0.03333333333333333,2.8208333333333333,2.0,30.0,0.06666666666666667,Houston
4476,F,2000,0.03333333333333333,2.879166666666667,2.0,30.0,0.06666666666666667,Houston
4476,F,2000,0.041666666666666664,2.9166666666666665,4.0,30.0,0.13333333333333333,Houston
4476,F,2000,0.075,2.975,7.0,30.0,0.23333333333333334,Houston
4476,F,2005,0.004166666666666667,2.502083333333333,1.0,48.0,0.020833333333333332,Houston
4476,F,2005,0.008333333333333333,2.525,1.0,48.0,0.020833333333333332,Houston
4476,F,2005,0.016666666666666666,2.5125,0.0,48.0,0.0,Houston
4476,F,2005,0.016666666666666666,2.5375,2.0,48.0,0.041666666666666664,Houston
4476,F,2005,0.016666666666666666,2.5541666666666667,2.0,48.0,0.041666666666666664,Houston
4476,F,2005,0.016666666666666666,2.5708333333333333,0.0,48.0,0.0,Houston
4476,F,2005,0.016666666666666666,2.5875,1.0,48.0,0.020833333333333332,Houston
4476,F,2005,0.016666666666666666,2.6041666666666665,0.0,48.0,0.0,Houston
4476,F,2005,0.016666666666666666,2.620833333333333,0.0,48.0,0.0,Houston
4476,F,2005,0.016666666666666666,2.6375,3.0,48.0,0.0625,Houston
4476,F,2005,0.016666666666666666,2.6791666666666667,1.0,48.0,0.020833333333333332,Houston
4476,F,2005,0.016666666666666666,2.6958333333333333,2.0,48.0,0.041666666666666664,Houston
4476,F,2005,0.025,2.658333333333333,3.0,48.0,0.0625,Houston
4476,F,2005,0.025,2.716666666666667,3.0,48.0,0.0625,Houston
4476,F,2005,0.025,2.7416666666666667,3.0,48.0,0.0625,Houston
4476,F,2005,0.025,2.7666666666666666,2.0,48.0,0.041666666666666664,Houston
4476,F,2005,0.025,2.7916666666666665,4.0,48.0,0.08333333333333333,Houston
4476,F,2005,0.025,2.85,2.0,48.0,0.041666666666666664,Houston
4476,F,2005,0.03333333333333333,2.8208333333333333,3.0,48.0,0.0625,Houston
4476,F,2005,0.03333333333333333,2.879166666666667,5.0,48.0,0.10416666666666667,Houston
4476,F,2005,0.041666666666666664,2.9166666666666665,2.0,48.0,0.041666666666666664,Houston
4476,F,2005,0.075,2.975,8.0,48.0,0.16666666666666666,Houston
4476,F,2010,0.004166666666666667,2.502083333333333,0.0,67.0,0.0,Houston
4476,F,2010,0.008333333333333333,2.525,1.0,67.0,0.014925373134328358,Houston
4476,F,2010,0.016666666666666666,2.5125,1.0,67.0,0.014925373134328358,Houston
4476,F,2010,0.016666666666666666,2.5375,0.0,67.0,0.0,Houston
4476,F,2010,0.016666666666666666,2.5541666666666667,1.0,67.0,0.014925373134328358,Houston
4476,F,2010,0.016666666666666666,2.5708333333333333,1.0,67.0,0.014925373134328358,Houston
4476,F,2010,0.016666666666666666,2.5875,2.0,67.0,0.029850746268656716,Houston
4476,F,2010,0.016666666666666666,2.6041666666666665,1.0,67.0,0.014925373134328358,Houston
4476,F,2010,0.016666666666666666,2.620833333333333,1.0,67.0,0.014925373134328358,Houston
4476,F,2010,0.016666666666666666,2.6375,0.0,67.0,0.0,Houston
4476,F,2010,0.016666666666666666,2.6791666666666667,5.0,67.0,0.07462686567164178,Houston
4476,F,2010,0.016666666666666666,2.6958333333333333,3.0,67.0,0.04477611940298507,Houston
4476,F,2010,0.025,2.658333333333333,1.0,67.0,0.014925373134328358,Houston
4476,F,2010,0.025,2.716666666666667,2.0,67.0,0.029850746268656716,Houston
4476,F,2010,0.025,2.7416666666666667,7.0,67.0,0.1044776119402985,Houston
4476,F,2010,0.025,2.7666666666666666,0.0,67.0,0.0,Houston
4476,F,2010,0.025,2.7916666666666665,6.0,67.0,0.08955223880597014,Houston
4476,F,2010,0.025,2.85,5.0,67.0,0.07462686567164178,Houston
4476,F,2010,0.03333333333333333,2.8208333333333333,1.0,67.0,0.014925373134328358,Houston
4476,F,2010,0.03333333333333333,2.879166666666667,3.0,67.0,0.04477611940298507,Houston
4476,F,2010,0.041666666666666664,2.9166666666666665,3.0,67.0,0.04477611940298507,Houston
4476,F,2010,0.075,2.975,23.0,67.0,0.34328358208955223,Houston
4476,F,2015,0.004166666666666667,2.502083333333333,0.0,86.0,0.0,Houston
4476,F,2015,0.008333333333333333,2.525,0.0,86.0,0.0,Houston
4476,F,2015,0.016666666666666666,2.5125,2.0,86.0,0.023255813953488372,Houston
4476,F,2015,0.016666666666666666,2.5375,5.0,86.0,0.05813953488372093,Houston
4476,F,2015,0.016666666666666666,2.5541666666666667,0.0,86.0,0.0,Houston
4476,F,2015,0.016666666666666666,2.5708333333333333,0.0,86.0,0.0,Houston
4476,F,2015,0.016666666666666666,2.5875,2.0,86.0,0.023255813953488372,Houston
4476,F,2015,0.016666666666666666,2.6041666666666665,2.0,86.0,0.023255813953488372,Houston
4476,F,2015,0.016666666666666666,2.620833333333333,1.0,86.0,0.011627906976744186,Houston
4476,F,2015,0.016666666666666666,2.6375,1.0,86.0,0.011627906976744186,Houston
4476,F,2015,0.016666666666666666,2.6791666666666667,0.0,86.0,0.0,Houston
4476,F,2015,0.016666666666666666,2.6958333333333333,4.0,86.0,0.046511627906976744,Houston
4476,F,2015,0.025,2.658333333333333,4.0,86.0,0.046511627906976744,Houston
4476,F,2015,0.025,2.716666666666667,3.0,86.0,0.03488372093023256,Houston
4476,F,2015,0.025,2.7416666666666667,7.0,86.0,0.08139534883720931,Houston
4476,F,2015,0.025,2.7666666666666666,4.0,86.0,0.046511627906976744,Houston
4476,F,2015,0.025,2.7916666666666665,10.0,86.0,0.11627906976744186,Houston
4476,F,2015,0.025,2.85,4.0,86.0,0.046511627906976744,Houston
4476,F,2015,0.03333333333333333,2.8208333333333333,10.0,86.0,0.11627906976744186,Houston
4476,F,2015,0.03333333333333333,2.879166666666667,4.0,86.0,0.046511627906976744,Houston
4476,F,2015,0.041666666666666664,2.9166666666666665,6.0,86.0,0.06976744186046512,Houston
4476,F,2015,0.075,2.975,17.0,86.0,0.19767441860465115,Houston
4476,M,1995,0.004166666666666667,2.502083333333333,1.0,216.0,0.004629629629629629,Houston
4476,M,1995,0.008333333333333333,2.525,2.0,216.0,0.009259259259259259,Houston
4476,M,1995,0.016666666666666666,2.5125,3.0,216.0,0.013888888888888888,Houston
4476,M,1995,0.016666666666666666,2.5375,3.0,216.0,0.013888888888888888,Houston
4476,M,1995,0.016666666666666666,2.5541666666666667,6.0,216.0,0.027777777777777776,Houston
4476,M,1995,0.016666666666666666,2.5708333333333333,4.0,216.0,0.018518518518518517,Houston
4476,M,1995,0.016666666666666666,2.5875,5.0,216.0,0.023148148148148147,Houston
4476,M,1995,0.016666666666666666,2.6041666666666665,2.0,216.0,0.009259259259259259,Houston
4476,M,1995,0.016666666666666666,2.620833333333333,3.0,216.0,0.013888888888888888,Houston
4476,M,1995,0.016666666666666666,2.6375,7.0,216.0,0.032407407407407406,Houston
4476,M,1995,0.016666666666666666,2.6791666666666667,5.0,216.0,0.023148148148148147,Houston
4476,M,1995,0.016666666666666666,2.6958333333333333,5.0,216.0,0.023148148148148147,Houston
4476,M,1995,0.025,2.658333333333333,6.0,216.0,0.027777777777777776,Houston
4476,M,1995,0.025,2.716666666666667,10.0,216.0,0.046296296296296294,Houston
4476,M,1995,0.025,2.7416666666666667,8.0,216.0,0.037037037037037035,Houston
4476,M,1995,0.025,2.7666666666666666,6.0,216.0,0.027777777777777776,Houston
4476,M,1995,0.025,2.7916666666666665,11.0,216.0,0.05092592592592592,Houston
4476,M,1995,0.025,2.85,6.0,216.0,0.027777777777777776,Houston
4476,M,1995,0.03333333333333333,2.8208333333333333,18.0,216.0,0.08333333333333333,Houston
4476,M,1995,0.03333333333333333,2.879166666666667,18.0,216.0,0.08333333333333333,Houston
4476,M,1995,0.041666666666666664,2.9166666666666665,24.0,216.0,0.1111111111111111,Houston
4476,M,1995,0.075,2.975,63.0,216.0,0.2916666666666667,Houston
4476,M,2000,0.004166666666666667,2.502083333333333,0.0,148.0,0.0,Houston
4476,M,2000,0.008333333333333333,2.525,2.0,148.0,0.013513513513513514,Houston
4476,M,2000,0.016666666666666666,2.5125,1.0,148.0,0.006756756756756757,Houston
4476,M,2000,0.016666666666666666,2.5375,1.0,148.0,0.006756756756756757,Houston
4476,M,2000,0.016666666666666666,2.5541666666666667,0.0,148.0,0.0,Houston
4476,M,2000,0.016666666666666666,2.5708333333333333,3.0,148.0,0.02027027027027027,Houston
4476,M,2000,0.016666666666666666,2.5875,2.0,148.0,0.013513513513513514,Houston
4476,M,2000,0.016666666666666666,2.6041666666666665,3.0,148.0,0.02027027027027027,Houston
4476,M,2000,0.016666666666666666,2.620833333333333,4.0,148.0,0.02702702702702703,Houston
4476,M,2000,0.016666666666666666,2.6375,5.0,148.0,0.033783783783783786,Houston
4476,M,2000,0.016666666666666666,2.6791666666666667,4.0,148.0,0.02702702702702703,Houston
4476,M,2000,0.016666666666666666,2.6958333333333333,0.0,148.0,0.0,Houston
4476,M,2000,0.025,2.658333333333333,0.0,148.0,0.0,Houston
4476,M,2000,0.025,2.716666666666667,6.0,148.0,0.04054054054054054,Houston
4476,M,2000,0.025,2.7416666666666667,7.0,148.0,0.0472972972972973,Houston
4476,M,2000,0.025,2.7666666666666666,7.0,148.0,0.0472972972972973,Houston
4476,M,2000,0.025,2.7916666666666665,8.0,148.0,0.05405405405405406,Houston
4476,M,2000,0.025,2.85,10.0,148.0,0.06756756756756757,Houston
4476,M,2000,0.03333333333333333,2.8208333333333333,9.0,148.0,0.060810810810810814,Houston
4476,M,2000,0.03333333333333333,2.879166666666667,5.0,148.0,0.033783783783783786,Houston
4476,M,2000,0.041666666666666664,2.9166666666666665,20.0,148.0,0.13513513513513514,Houston
4476,M,2000,0.075,2.975,51.0,148.0,0.34459459459459457,Houston
4476,M,2005,0.004166666666666667,2.502083333333333,0.0,177.0,0.0,Houston
4476,M,2005,0.008333333333333333,2.525,6.0,177.0,0.03389830508474576,Houston
4476,M,2005,0.016666666666666666,2.5125,2.0,177.0,0.011299435028248588,Houston
4476,M,2005,0.016666666666666666,2.5375,5.0,177.0,0.02824858757062147,Houston
4476,M,2005,0.016666666666666666,2.5541666666666667,4.0,177.0,0.022598870056497175,Houston
4476,M,2005,0.016666666666666666,2.5708333333333333,3.0,177.0,0.01694915254237288,Houston
4476,M,2005,0.016666666666666666,2.5875,8.0,177.0,0.04519774011299435,Houston
4476,M,2005,0.016666666666666666,2.6041666666666665,2.0,177.0,0.011299435028248588,Houston
4476,M,2005,0.016666666666666666,2.620833333333333,3.0,177.0,0.01694915254237288,Houston
4476,M,2005,0.016666666666666666,2.6375,5.0,177.0,0.02824858757062147,Houston
4476,M,2005,0.016666666666666666,2.6791666666666667,2.0,177.0,0.011299435028248588,Houston
4476,M,2005,0.016666666666666666,2.6958333333333333,4.0,177.0,0.022598870056497175,Houston
4476,M,2005,0.025,2.658333333333333,6.0,177.0,0.03389830508474576,Houston
4476,M,2005,0.025,2.716666666666667,5.0,177.0,0.02824858757062147,Houston
4476,M,2005,0.025,2.7416666666666667,8.0,177.0,0.04519774011299435,Houston
4476,M,2005,0.025,2.7666666666666666,9.0,177.0,0.05084745762711865,Houston
4476,M,2005,0.025,2.7916666666666665,6.0,177.0,0.03389830508474576,Houston
4476,M,2005,0.025,2.85,9.0,177.0,0.05084745762711865,Houston
4476,M,2005,0.03333333333333333,2.8208333333333333,13.0,177.0,0.07344632768361582,Houston
4476,M,2005,0.03333333333333333,2.879166666666667,14.0,177.0,0.07909604519774012,Houston
4476,M,2005,0.041666666666666664,2.9166666666666665,15.0,177.0,0.0847457627118644,Houston
4476,M,2005,0.075,2.975,48.0,177.0,0.2711864406779661,Houston
4476,M,2010,0.004166666666666667,2.502083333333333,1.0,267.0,0.003745318352059925,Houston
4476,M,2010,0.008333333333333333,2.525,1.0,267.0,0.003745318352059925,Houston
4476,M,2010,0.016666666666666666,2.5125,4.0,267.0,0.0149812734082397,Houston
4476,M,2010,0.016666666666666666,2.5375,4.0,267.0,0.0149812734082397,Houston
4476,M,2010,0.016666666666666666,2.5541666666666667,3.0,267.0,0.011235955056179775,Houston
4476,M,2010,0.016666666666666666,2.5708333333333333,2.0,267.0,0.00749063670411985,Houston
4476,M,2010,0.016666666666666666,2.5875,9.0,267.0,0.033707865168539325,Houston
4476,M,2010,0.016666666666666666,2.6041666666666665,6.0,267.0,0.02247191011235955,Houston
4476,M,2010,0.016666666666666666,2.620833333333333,3.0,267.0,0.011235955056179775,Houston
4476,M,2010,0.016666666666666666,2.6375,4.0,267.0,0.0149812734082397,Houston
4476,M,2010,0.016666666666666666,2.6791666666666667,7.0,267.0,0.026217228464419477,Houston
4476,M,2010,0.016666666666666666,2.6958333333333333,10.0,267.0,0.03745318352059925,Houston
4476,M,2010,0.025,2.658333333333333,12.0,267.0,0.0449438202247191,Houston
4476,M,2010,0.025,2.716666666666667,2.0,267.0,0.00749063670411985,Houston
4476,M,2010,0.025,2.7416666666666667,7.0,267.0,0.026217228464419477,Houston
4476,M,2010,0.025,2.7666666666666666,10.0,267.0,0.03745318352059925,Houston
4476,M,2010,0.025,2.7916666666666665,9.0,267.0,0.033707865168539325,Houston
4476,M,2010,0.025,2.85,13.0,267.0,0.04868913857677903,Houston
4476,M,2010,0.03333333333333333,2.8208333333333333,17.0,267.0,0.06367041198501873,Houston
4476,M,2010,0.03333333333333333,2.879166666666667,19.0,267.0,0.07116104868913857,Houston
4476,M,2010,0.041666666666666664,2.9166666666666665,32.0,267.0,0.1198501872659176,Houston
4476,M,2010,0.075,2.975,92.0,267.0,0.3445692883895131,Houston
4476,M,2015,0.004166666666666667,2.502083333333333,0.0,246.0,0.0,Houston
4476,M,2015,0.008333333333333333,2.525,1.0,246.0,0.0040650406504065045,Houston
4476,M,2015,0.016666666666666666,2.5125,4.0,246.0,0.016260162601626018,Houston
4476,M,2015,0.016666666666666666,2.5375,2.0,246.0,0.008130081300813009,Houston
4476,M,2015,0.016666666666666666,2.5541666666666667,2.0,246.0,0.008130081300813009,Houston
4476,M,2015,0.016666666666666666,2.5708333333333333,3.0,246.0,0.012195121951219513,Houston
4476,M,2015,0.016666666666666666,2.5875,9.0,246.0,0.036585365853658534,Houston
4476,M,2015,0.016666666666666666,2.6041666666666665,2.0,246.0,0.008130081300813009,Houston
4476,M,2015,0.016666666666666666,2.620833333333333,4.0,246.0,0.016260162601626018,Houston
4476,M,2015,0.016666666666666666,2.6375,4.0,246.0,0.016260162601626018,Houston
4476,M,2015,0.016666666666666666,2.6791666666666667,1.0,246.0,0.0040650406504065045,Houston
4476,M,2015,0.016666666666666666,2.6958333333333333,2.0,246.0,0.008130081300813009,Houston
4476,M,2015,0.025,2.658333333333333,4.0,246.0,0.016260162601626018,Houston
4476,M,2015,0.025,2.716666666666667,8.0,246.0,0.032520325203252036,Houston
4476,M,2015,0.025,2.7416666666666667,10.0,246.0,0.04065040650406504,Houston
4476,M,2015,0.025,2.7666666666666666,8.0,246.0,0.032520325203252036,Houston
4476,M,2015,0.025,2.7916666666666665,9.0,246.0,0.036585365853658534,Houston
4476,M,2015,0.025,2.85,12.0,246.0,0.04878048780487805,Houston
4476,M,2015,0.03333333333333333,2.8208333333333333,10.0,246.0,0.04065040650406504,Houston
4476,M,2015,0.03333333333333333,2.879166666666667,20.0,246.0,0.08130081300813008,Houston
4476,M,2015,0.041666666666666664,2.9166666666666665,30.0,246.0,0.12195121951219512,Houston
4476,M,2015,0.075,2.975,101.0,246.0,0.4105691056910569,Houston
34956,F,1995,0.004166666666666667,2.502083333333333,1.0,84.0,0.011904761904761904,Grandmas
34956,F,1995,0.008333333333333333,2.525,0.0,84.0,0.0,Grandmas
34956,F,1995,0.016666666666666666,2.5125,0.0,84.0,0.0,Grandmas
34956,F,1995,0.016666666666666666,2.5375,0.0,84.0,0.0,Grandmas
34956,F,1995,0.016666666666666666,2.5541666666666667,1.0,84.0,0.011904761904761904,Grandmas
34956,F,1995,0.016666666666666666,2.5708333333333333,2.0,84.0,0.023809523809523808,Grandmas
34956,F,1995,0.016666666666666666,2.5875,0.0,84.0,0.0,Grandmas
34956,F,1995,0.016666666666666666,2.6041666666666665,2.0,84.0,0.023809523809523808,Grandmas
34956,F,1995,0.016666666666666666,2.620833333333333,1.0,84.0,0.011904761904761904,Grandmas
34956,F,1995,0.016666666666666666,2.6375,2.0,84.0,0.023809523809523808,Grandmas
34956,F,1995,0.016666666666666666,2.6791666666666667,3.0,84.0,0.03571428571428571,Grandmas
34956,F,1995,0.016666666666666666,2.6958333333333333,3.0,84.0,0.03571428571428571,Grandmas
34956,F,1995,0.025,2.658333333333333,6.0,84.0,0.07142857142857142,Grandmas
34956,F,1995,0.025,2.716666666666667,2.0,84.0,0.023809523809523808,Grandmas
34956,F,1995,0.025,2.7416666666666667,7.0,84.0,0.08333333333333333,Grandmas
34956,F,1995,0.025,2.7666666666666666,4.0,84.0,0.047619047619047616,Grandmas
34956,F,1995,0.025,2.7916666666666665,6.0,84.0,0.07142857142857142,Grandmas
34956,F,1995,0.025,2.85,4.0,84.0,0.047619047619047616,Grandmas
34956,F,1995,0.03333333333333333,2.8208333333333333,8.0,84.0,0.09523809523809523,Grandmas
34956,F,1995,0.03333333333333333,2.879166666666667,3.0,84.0,0.03571428571428571,Grandmas
34956,F,1995,0.041666666666666664,2.9166666666666665,13.0,84.0,0.15476190476190477,Grandmas
34956,F,1995,0.075,2.975,16.0,84.0,0.19047619047619047,Grandmas
34956,F,2000,0.004166666666666667,2.502083333333333,0.0,65.0,0.0,Grandmas
34956,F,2000,0.008333333333333333,2.525,0.0,65.0,0.0,Grandmas
34956,F,2000,0.016666666666666666,2.5125,0.0,65.0,0.0,Grandmas
34956,F,2000,0.016666666666666666,2.5375,1.0,65.0,0.015384615384615385,Grandmas
34956,F,2000,0.016666666666666666,2.5541666666666667,0.0,65.0,0.0,Grandmas
34956,F,2000,0.016666666666666666,2.5708333333333333,3.0,65.0,0.046153846153846156,Grandmas
34956,F,2000,0.016666666666666666,2.5875,1.0,65.0,0.015384615384615385,Grandmas
34956,F,2000,0.016666666666666666,2.6041666666666665,2.0,65.0,0.03076923076923077,Grandmas
34956,F,2000,0.016666666666666666,2.620833333333333,1.0,65.0,0.015384615384615385,Grandmas
34956,F,2000,0.016666666666666666,2.6375,3.0,65.0,0.046153846153846156,Grandmas
34956,F,2000,0.016666666666666666,2.6791666666666667,2.0,65.0,0.03076923076923077,Grandmas
34956,F,2000,0.016666666666666666,2.6958333333333333,3.0,65.0,0.046153846153846156,Grandmas
34956,F,2000,0.025,2.658333333333333,2.0,65.0,0.03076923076923077,Grandmas
34956,F,2000,0.025,2.716666666666667,2.0,65.0,0.03076923076923077,Grandmas
34956,F,2000,0.025,2.7416666666666667,2.0,65.0,0.03076923076923077,Grandmas
34956,F,2000,0.025,2.7666666666666666,2.0,65.0,0.03076923076923077,Grandmas
34956,F,2000,0.025,2.7916666666666665,9.0,65.0,0.13846153846153847,Grandmas
34956,F,2000,0.025,2.85,1.0,65.0,0.015384615384615385,Grandmas
34956,F,2000,0.03333333333333333,2.8208333333333333,4.0,65.0,0.06153846153846154,Grandmas
34956,F,2000,0.03333333333333333,2.879166666666667,4.0,65.0,0.06153846153846154,Grandmas
34956,F,2000,0.041666666666666664,2.9166666666666665,8.0,65.0,0.12307692307692308,Grandmas
34956,F,2000,0.075,2.975,15.0,65.0,0.23076923076923078,Grandmas
34956,F,2005,0.004166666666666667,2.502083333333333,0.0,19.0,0.0,Grandmas
34956,F,2005,0.008333333333333333,2.525,0.0,19.0,0.0,Grandmas
34956,F,2005,0.016666666666666666,2.5125,0.0,19.0,0.0,Grandmas
34956,F,2005,0.016666666666666666,2.5375,1.0,19.0,0.05263157894736842,Grandmas
34956,F,2005,0.016666666666666666,2.5541666666666667,1.0,19.0,0.05263157894736842,Grandmas
34956,F,2005,0.016666666666666666,2.5708333333333333,0.0,19.0,0.0,Grandmas
34956,F,2005,0.016666666666666666,2.5875,0.0,19.0,0.0,Grandmas
34956,F,2005,0.016666666666666666,2.6041666666666665,0.0,19.0,0.0,Grandmas
34956,F,2005,0.016666666666666666,2.620833333333333,1.0,19.0,0.05263157894736842,Grandmas
34956,F,2005,0.016666666666666666,2.6375,1.0,19.0,0.05263157894736842,Grandmas
34956,F,2005,0.016666666666666666,2.6791666666666667,1.0,19.0,0.05263157894736842,Grandmas
34956,F,2005,0.016666666666666666,2.6958333333333333,0.0,19.0,0.0,Grandmas
34956,F,2005,0.025,2.658333333333333,1.0,19.0,0.05263157894736842,Grandmas
34956,F,2005,0.025,2.716666666666667,0.0,19.0,0.0,Grandmas
34956,F,2005,0.025,2.7416666666666667,2.0,19.0,0.10526315789473684,Grandmas
34956,F,2005,0.025,2.7666666666666666,1.0,19.0,0.05263157894736842,Grandmas
34956,F,2005,0.025,2.7916666666666665,1.0,19.0,0.05263157894736842,Grandmas
34956,F,2005,0.025,2.85,0.0,19.0,0.0,Grandmas
34956,F,2005,0.03333333333333333,2.8208333333333333,0.0,19.0,0.0,Grandmas
34956,F,2005,0.03333333333333333,2.879166666666667,1.0,19.0,0.05263157894736842,Grandmas
34956,F,2005,0.041666666666666664,2.9166666666666665,4.0,19.0,0.21052631578947367,Grandmas
34956,F,2005,0.075,2.975,4.0,19.0,0.21052631578947367,Grandmas
34956,F,2010,0.004166666666666667,2.502083333333333,0.0,109.0,0.0,Grandmas
34956,F,2010,0.008333333333333333,2.525,1.0,109.0,0.009174311926605505,Grandmas
34956,F,2010,0.016666666666666666,2.5125,2.0,109.0,0.01834862385321101,Grandmas
34956,F,2010,0.016666666666666666,2.5375,2.0,109.0,0.01834862385321101,Grandmas
34956,F,2010,0.016666666666666666,2.5541666666666667,4.0,109.0,0.03669724770642202,Grandmas
34956,F,2010,0.016666666666666666,2.5708333333333333,3.0,109.0,0.027522935779816515,Grandmas
34956,F,2010,0.016666666666666666,2.5875,4.0,109.0,0.03669724770642202,Grandmas
34956,F,2010,0.016666666666666666,2.6041666666666665,1.0,109.0,0.009174311926605505,Grandmas
34956,F,2010,0.016666666666666666,2.620833333333333,3.0,109.0,0.027522935779816515,Grandmas
34956,F,2010,0.016666666666666666,2.6375,2.0,109.0,0.01834862385321101,Grandmas
34956,F,2010,0.016666666666666666,2.6791666666666667,7.0,109.0,0.06422018348623854,Grandmas
34956,F,2010,0.016666666666666666,2.6958333333333333,4.0,109.0,0.03669724770642202,Grandmas
34956,F,2010,0.025,2.658333333333333,7.0,109.0,0.06422018348623854,Grandmas
34956,F,2010,0.025,2.716666666666667,3.0,109.0,0.027522935779816515,Grandmas
34956,F,2010,0.025,2.7416666666666667,4.0,109.0,0.03669724770642202,Grandmas
34956,F,2010,0.025,2.7666666666666666,2.0,109.0,0.01834862385321101,Grandmas
34956,F,2010,0.025,2.7916666666666665,8.0,109.0,0.07339449541284404,Grandmas
34956,F,2010,0.025,2.85,3.0,109.0,0.027522935779816515,Grandmas
34956,F,2010,0.03333333333333333,2.8208333333333333,11.0,109.0,0.10091743119266056,Grandmas
34956,F,2010,0.03333333333333333,2.879166666666667,5.0,109.0,0.045871559633027525,Grandmas
34956,F,2010,0.041666666666666664,2.9166666666666665,8.0,109.0,0.07339449541284404,Grandmas
34956,F,2010,0.075,2.975,25.0,109.0,0.22935779816513763,Grandmas
34956,F,2015,0.004166666666666667,2.502083333333333,0.0,226.0,0.0,Grandmas
34956,F,2015,0.008333333333333333,2.525,0.0,226.0,0.0,Grandmas
34956,F,2015,0.016666666666666666,2.5125,1.0,226.0,0.004424778761061947,Grandmas
34956,F,2015,0.016666666666666666,2.5375,3.0,226.0,0.01327433628318584,Grandmas
34956,F,2015,0.016666666666666666,2.5541666666666667,5.0,226.0,0.022123893805309734,Grandmas
34956,F,2015,0.016666666666666666,2.5708333333333333,3.0,226.0,0.01327433628318584,Grandmas
34956,F,2015,0.016666666666666666,2.5875,8.0,226.0,0.035398230088495575,Grandmas
34956,F,2015,0.016666666666666666,2.6041666666666665,3.0,226.0,0.01327433628318584,Grandmas
34956,F,2015,0.016666666666666666,2.620833333333333,3.0,226.0,0.01327433628318584,Grandmas
34956,F,2015,0.016666666666666666,2.6375,1.0,226.0,0.004424778761061947,Grandmas
34956,F,2015,0.016666666666666666,2.6791666666666667,9.0,226.0,0.03982300884955752,Grandmas
34956,F,2015,0.016666666666666666,2.6958333333333333,9.0,226.0,0.03982300884955752,Grandmas
34956,F,2015,0.025,2.658333333333333,9.0,226.0,0.03982300884955752,Grandmas
34956,F,2015,0.025,2.716666666666667,20.0,226.0,0.08849557522123894,Grandmas
34956,F,2015,0.025,2.7416666666666667,13.0,226.0,0.05752212389380531,Grandmas
34956,F,2015,0.025,2.7666666666666666,16.0,226.0,0.07079646017699115,Grandmas
34956,F,2015,0.025,2.7916666666666665,17.0,226.0,0.0752212389380531,Grandmas
34956,F,2015,0.025,2.85,11.0,226.0,0.048672566371681415,Grandmas
34956,F,2015,0.03333333333333333,2.8208333333333333,20.0,226.0,0.08849557522123894,Grandmas
34956,F,2015,0.03333333333333333,2.879166666666667,21.0,226.0,0.09292035398230089,Grandmas
34956,F,2015,0.041666666666666664,2.9166666666666665,16.0,226.0,0.07079646017699115,Grandmas
34956,F,2015,0.075,2.975,38.0,226.0,0.168141592920354,Grandmas
34956,M,1995,0.004166666666666667,2.502083333333333,1.0,337.0,0.002967359050445104,Grandmas
34956,M,1995,0.008333333333333333,2.525,7.0,337.0,0.020771513353115726,Grandmas
34956,M,1995,0.016666666666666666,2.5125,7.0,337.0,0.020771513353115726,Grandmas
34956,M,1995,0.016666666666666666,2.5375,2.0,337.0,0.005934718100890208,Grandmas
34956,M,1995,0.016666666666666666,2.5541666666666667,5.0,337.0,0.01483679525222552,Grandmas
34956,M,1995,0.016666666666666666,2.5708333333333333,2.0,337.0,0.005934718100890208,Grandmas
34956,M,1995,0.016666666666666666,2.5875,7.0,337.0,0.020771513353115726,Grandmas
34956,M,1995,0.016666666666666666,2.6041666666666665,5.0,337.0,0.01483679525222552,Grandmas
34956,M,1995,0.016666666666666666,2.620833333333333,9.0,337.0,0.026706231454005934,Grandmas
34956,M,1995,0.016666666666666666,2.6375,3.0,337.0,0.008902077151335312,Grandmas
34956,M,1995,0.016666666666666666,2.6791666666666667,6.0,337.0,0.017804154302670624,Grandmas
34956,M,1995,0.016666666666666666,2.6958333333333333,7.0,337.0,0.020771513353115726,Grandmas
34956,M,1995,0.025,2.658333333333333,10.0,337.0,0.02967359050445104,Grandmas
34956,M,1995,0.025,2.716666666666667,11.0,337.0,0.032640949554896145,Grandmas
34956,M,1995,0.025,2.7416666666666667,12.0,337.0,0.03560830860534125,Grandmas
34956,M,1995,0.025,2.7666666666666666,10.0,337.0,0.02967359050445104,Grandmas
34956,M,1995,0.025,2.7916666666666665,22.0,337.0,0.06528189910979229,Grandmas
34956,M,1995,0.025,2.85,17.0,337.0,0.050445103857566766,Grandmas
34956,M,1995,0.03333333333333333,2.8208333333333333,32.0,337.0,0.09495548961424333,Grandmas
34956,M,1995,0.03333333333333333,2.879166666666667,26.0,337.0,0.0771513353115727,Grandmas
34956,M,1995,0.041666666666666664,2.9166666666666665,33.0,337.0,0.09792284866468842,Grandmas
34956,M,1995,0.075,2.975,103.0,337.0,0.3056379821958457,Grandmas
34956,M,2000,0.004166666666666667,2.502083333333333,0.0,396.0,0.0,Grandmas
34956,M,2000,0.008333333333333333,2.525,3.0,396.0,0.007575757575757576,Grandmas
34956,M,2000,0.016666666666666666,2.5125,9.0,396.0,0.022727272727272728,Grandmas
34956,M,2000,0.016666666666666666,2.5375,8.0,396.0,0.020202020202020204,Grandmas
34956,M,2000,0.016666666666666666,2.5541666666666667,5.0,396.0,0.012626262626262626,Grandmas
34956,M,2000,0.016666666666666666,2.5708333333333333,10.0,396.0,0.025252525252525252,Grandmas
34956,M,2000,0.016666666666666666,2.5875,2.0,396.0,0.005050505050505051,Grandmas
34956,M,2000,0.016666666666666666,2.6041666666666665,14.0,396.0,0.03535353535353535,Grandmas
34956,M,2000,0.016666666666666666,2.620833333333333,9.0,396.0,0.022727272727272728,Grandmas
34956,M,2000,0.016666666666666666,2.6375,8.0,396.0,0.020202020202020204,Grandmas
34956,M,2000,0.016666666666666666,2.6791666666666667,4.0,396.0,0.010101010101010102,Grandmas
34956,M,2000,0.016666666666666666,2.6958333333333333,5.0,396.0,0.012626262626262626,Grandmas
34956,M,2000,0.025,2.658333333333333,12.0,396.0,0.030303030303030304,Grandmas
34956,M,2000,0.025,2.716666666666667,17.0,396.0,0.04292929292929293,Grandmas
34956,M,2000,0.025,2.7416666666666667,14.0,396.0,0.03535353535353535,Grandmas
34956,M,2000,0.025,2.7666666666666666,13.0,396.0,0.03282828282828283,Grandmas
34956,M,2000,0.025,2.7916666666666665,20.0,396.0,0.050505050505050504,Grandmas
34956,M,2000,0.025,2.85,14.0,396.0,0.03535353535353535,Grandmas
34956,M,2000,0.03333333333333333,2.8208333333333333,40.0,396.0,0.10101010101010101,Grandmas
34956,M,2000,0.03333333333333333,2.879166666666667,29.0,396.0,0.07323232323232323,Grandmas
34956,M,2000,0.041666666666666664,2.9166666666666665,41.0,396.0,0.10353535353535354,Grandmas
34956,M,2000,0.075,2.975,119.0,396.0,0.3005050505050505,Grandmas
34956,M,2005,0.004166666666666667,2.502083333333333,0.0,95.0,0.0,Grandmas
34956,M,2005,0.008333333333333333,2.525,0.0,95.0,0.0,Grandmas
34956,M,2005,0.016666666666666666,2.5125,0.0,95.0,0.0,Grandmas
34956,M,2005,0.016666666666666666,2.5375,1.0,95.0,0.010526315789473684,Grandmas
34956,M,2005,0.016666666666666666,2.5541666666666667,2.0,95.0,0.021052631578947368,Grandmas
34956,M,2005,0.016666666666666666,2.5708333333333333,0.0,95.0,0.0,Grandmas
34956,M,2005,0.016666666666666666,2.5875,3.0,95.0,0.031578947368421054,Grandmas
34956,M,2005,0.016666666666666666,2.6041666666666665,3.0,95.0,0.031578947368421054,Grandmas
34956,M,2005,0.016666666666666666,2.620833333333333,1.0,95.0,0.010526315789473684,Grandmas
34956,M,2005,0.016666666666666666,2.6375,1.0,95.0,0.010526315789473684,Grandmas
34956,M,2005,0.016666666666666666,2.6791666666666667,1.0,95.0,0.010526315789473684,Grandmas
34956,M,2005,0.016666666666666666,2.6958333333333333,2.0,95.0,0.021052631578947368,Grandmas
34956,M,2005,0.025,2.658333333333333,3.0,95.0,0.031578947368421054,Grandmas
34956,M,2005,0.025,2.716666666666667,3.0,95.0,0.031578947368421054,Grandmas
34956,M,2005,0.025,2.7416666666666667,1.0,95.0,0.010526315789473684,Grandmas
34956,M,2005,0.025,2.7666666666666666,4.0,95.0,0.042105263157894736,Grandmas
34956,M,2005,0.025,2.7916666666666665,2.0,95.0,0.021052631578947368,Grandmas
34956,M,2005,0.025,2.85,9.0,95.0,0.09473684210526316,Grandmas
34956,M,2005,0.03333333333333333,2.8208333333333333,11.0,95.0,0.11578947368421053,Grandmas
34956,M,2005,0.03333333333333333,2.879166666666667,11.0,95.0,0.11578947368421053,Grandmas
34956,M,2005,0.041666666666666664,2.9166666666666665,6.0,95.0,0.06315789473684211,Grandmas
34956,M,2005,0.075,2.975,31.0,95.0,0.3263157894736842,Grandmas
34956,M,2010,0.004166666666666667,2.502083333333333,1.0,372.0,0.002688172043010753,Grandmas
34956,M,2010,0.008333333333333333,2.525,1.0,372.0,0.002688172043010753,Grandmas
34956,M,2010,0.016666666666666666,2.5125,5.0,372.0,0.013440860215053764,Grandmas
34956,M,2010,0.016666666666666666,2.5375,6.0,372.0,0.016129032258064516,Grandmas
34956,M,2010,0.016666666666666666,2.5541666666666667,6.0,372.0,0.016129032258064516,Grandmas
34956,M,2010,0.016666666666666666,2.5708333333333333,11.0,372.0,0.02956989247311828,Grandmas
34956,M,2010,0.016666666666666666,2.5875,5.0,372.0,0.013440860215053764,Grandmas
34956,M,2010,0.016666666666666666,2.6041666666666665,2.0,372.0,0.005376344086021506,Grandmas
34956,M,2010,0.016666666666666666,2.620833333333333,7.0,372.0,0.01881720430107527,Grandmas
34956,M,2010,0.016666666666666666,2.6375,11.0,372.0,0.02956989247311828,Grandmas
34956,M,2010,0.016666666666666666,2.6791666666666667,11.0,372.0,0.02956989247311828,Grandmas
34956,M,2010,0.016666666666666666,2.6958333333333333,6.0,372.0,0.016129032258064516,Grandmas
34956,M,2010,0.025,2.658333333333333,17.0,372.0,0.0456989247311828,Grandmas
34956,M,2010,0.025,2.716666666666667,13.0,372.0,0.03494623655913978,Grandmas
34956,M,2010,0.025,2.7416666666666667,16.0,372.0,0.043010752688172046,Grandmas
34956,M,2010,0.025,2.7666666666666666,12.0,372.0,0.03225806451612903,Grandmas
34956,M,2010,0.025,2.7916666666666665,17.0,372.0,0.0456989247311828,Grandmas
34956,M,2010,0.025,2.85,19.0,372.0,0.051075268817204304,Grandmas
34956,M,2010,0.03333333333333333,2.8208333333333333,23.0,372.0,0.06182795698924731,Grandmas
34956,M,2010,0.03333333333333333,2.879166666666667,27.0,372.0,0.07258064516129033,Grandmas
34956,M,2010,0.041666666666666664,2.9166666666666665,42.0,372.0,0.11290322580645161,Grandmas
34956,M,2010,0.075,2.975,114.0,372.0,0.3064516129032258,Grandmas
34956,M,2015,0.004166666666666667,2.502083333333333,3.0,539.0,0.0055658627087198514,Grandmas
34956,M,2015,0.008333333333333333,2.525,4.0,539.0,0.0074211502782931356,Grandmas
34956,M,2015,0.016666666666666666,2.5125,15.0,539.0,0.027829313543599257,Grandmas
34956,M,2015,0.016666666666666666,2.5375,8.0,539.0,0.014842300556586271,Grandmas
34956,M,2015,0.016666666666666666,2.5541666666666667,14.0,539.0,0.025974025974025976,Grandmas
34956,M,2015,0.016666666666666666,2.5708333333333333,6.0,539.0,0.011131725417439703,Grandmas
34956,M,2015,0.016666666666666666,2.5875,8.0,539.0,0.014842300556586271,Grandmas
34956,M,2015,0.016666666666666666,2.6041666666666665,17.0,539.0,0.03153988868274583,Grandmas
34956,M,2015,0.016666666666666666,2.620833333333333,13.0,539.0,0.02411873840445269,Grandmas
34956,M,2015,0.016666666666666666,2.6375,17.0,539.0,0.03153988868274583,Grandmas
34956,M,2015,0.016666666666666666,2.6791666666666667,10.0,539.0,0.01855287569573284,Grandmas
34956,M,2015,0.016666666666666666,2.6958333333333333,15.0,539.0,0.027829313543599257,Grandmas
34956,M,2015,0.025,2.658333333333333,27.0,539.0,0.05009276437847866,Grandmas
34956,M,2015,0.025,2.716666666666667,22.0,539.0,0.04081632653061224,Grandmas
34956,M,2015,0.025,2.7416666666666667,17.0,539.0,0.03153988868274583,Grandmas
34956,M,2015,0.025,2.7666666666666666,17.0,539.0,0.03153988868274583,Grandmas
34956,M,2015,0.025,2.7916666666666665,23.0,539.0,0.04267161410018553,Grandmas
34956,M,2015,0.025,2.85,20.0,539.0,0.03710575139146568,Grandmas
34956,M,2015,0.03333333333333333,2.8208333333333333,44.0,539.0,0.08163265306122448,Grandmas
34956,M,2015,0.03333333333333333,2.879166666666667,38.0,539.0,0.07050092764378478,Grandmas
34956,M,2015,0.041666666666666664,2.9166666666666665,63.0,539.0,0.11688311688311688,Grandmas
34956,M,2015,0.075,2.975,138.0,539.0,0.2560296846011132,Grandmas
96107,F,1995,0.004166666666666667,2.502083333333333,0.0,131.0,0.0,Chicago
96107,F,1995,0.008333333333333333,2.525,0.0,131.0,0.0,Chicago
96107,F,1995,0.016666666666666666,2.5125,2.0,131.0,0.015267175572519083,Chicago
96107,F,1995,0.016666666666666666,2.5375,4.0,131.0,0.030534351145038167,Chicago
96107,F,1995,0.016666666666666666,2.5541666666666667,2.0,131.0,0.015267175572519083,Chicago
96107,F,1995,0.016666666666666666,2.5708333333333333,3.0,131.0,0.022900763358778626,Chicago
96107,F,1995,0.016666666666666666,2.5875,3.0,131.0,0.022900763358778626,Chicago
96107,F,1995,0.016666666666666666,2.6041666666666665,5.0,131.0,0.03816793893129771,Chicago
96107,F,1995,0.016666666666666666,2.620833333333333,2.0,131.0,0.015267175572519083,Chicago
96107,F,1995,0.016666666666666666,2.6375,3.0,131.0,0.022900763358778626,Chicago
96107,F,1995,0.016666666666666666,2.6791666666666667,2.0,131.0,0.015267175572519083,Chicago
96107,F,1995,0.016666666666666666,2.6958333333333333,1.0,131.0,0.007633587786259542,Chicago
96107,F,1995,0.025,2.658333333333333,5.0,131.0,0.03816793893129771,Chicago
96107,F,1995,0.025,2.716666666666667,5.0,131.0,0.03816793893129771,Chicago
96107,F,1995,0.025,2.7416666666666667,5.0,131.0,0.03816793893129771,Chicago
96107,F,1995,0.025,2.7666666666666666,7.0,131.0,0.05343511450381679,Chicago
96107,F,1995,0.025,2.7916666666666665,5.0,131.0,0.03816793893129771,Chicago
96107,F,1995,0.025,2.85,9.0,131.0,0.06870229007633588,Chicago
96107,F,1995,0.03333333333333333,2.8208333333333333,18.0,131.0,0.13740458015267176,Chicago
96107,F,1995,0.03333333333333333,2.879166666666667,8.0,131.0,0.061068702290076333,Chicago
96107,F,1995,0.041666666666666664,2.9166666666666665,14.0,131.0,0.10687022900763359,Chicago
96107,F,1995,0.075,2.975,28.0,131.0,0.21374045801526717,Chicago
96107,F,2000,0.004166666666666667,2.502083333333333,0.0,127.0,0.0,Chicago
96107,F,2000,0.008333333333333333,2.525,1.0,127.0,0.007874015748031496,Chicago
96107,F,2000,0.016666666666666666,2.5125,0.0,127.0,0.0,Chicago
96107,F,2000,0.016666666666666666,2.5375,3.0,127.0,0.023622047244094488,Chicago
96107,F,2000,0.016666666666666666,2.5541666666666667,2.0,127.0,0.015748031496062992,Chicago
96107,F,2000,0.016666666666666666,2.5708333333333333,1.0,127.0,0.007874015748031496,Chicago
96107,F,2000,0.016666666666666666,2.5875,1.0,127.0,0.007874015748031496,Chicago
96107,F,2000,0.016666666666666666,2.6041666666666665,0.0,127.0,0.0,Chicago
96107,F,2000,0.016666666666666666,2.620833333333333,1.0,127.0,0.007874015748031496,Chicago
96107,F,2000,0.016666666666666666,2.6375,2.0,127.0,0.015748031496062992,Chicago
96107,F,2000,0.016666666666666666,2.6791666666666667,4.0,127.0,0.031496062992125984,Chicago
96107,F,2000,0.016666666666666666,2.6958333333333333,2.0,127.0,0.015748031496062992,Chicago
96107,F,2000,0.025,2.658333333333333,2.0,127.0,0.015748031496062992,Chicago
96107,F,2000,0.025,2.716666666666667,3.0,127.0,0.023622047244094488,Chicago
96107,F,2000,0.025,2.7416666666666667,4.0,127.0,0.031496062992125984,Chicago
96107,F,2000,0.025,2.7666666666666666,5.0,127.0,0.03937007874015748,Chicago
96107,F,2000,0.025,2.7916666666666665,5.0,127.0,0.03937007874015748,Chicago
96107,F,2000,0.025,2.85,4.0,127.0,0.031496062992125984,Chicago
96107,F,2000,0.03333333333333333,2.8208333333333333,13.0,127.0,0.10236220472440945,Chicago
96107,F,2000,0.03333333333333333,2.879166666666667,14.0,127.0,0.11023622047244094,Chicago
96107,F,2000,0.041666666666666664,2.9166666666666665,15.0,127.0,0.11811023622047244,Chicago
96107,F,2000,0.075,2.975,45.0,127.0,0.3543307086614173,Chicago
96107,F,2005,0.004166666666666667,2.502083333333333,1.0,174.0,0.005747126436781609,Chicago
96107,F,2005,0.008333333333333333,2.525,1.0,174.0,0.005747126436781609,Chicago
96107,F,2005,0.016666666666666666,2.5125,2.0,174.0,0.011494252873563218,Chicago
96107,F,2005,0.016666666666666666,2.5375,2.0,174.0,0.011494252873563218,Chicago
96107,F,2005,0.016666666666666666,2.5541666666666667,5.0,174.0,0.028735632183908046,Chicago
96107,F,2005,0.016666666666666666,2.5708333333333333,5.0,174.0,0.028735632183908046,Chicago
96107,F,2005,0.016666666666666666,2.5875,3.0,174.0,0.017241379310344827,Chicago
96107,F,2005,0.016666666666666666,2.6041666666666665,2.0,174.0,0.011494252873563218,Chicago
96107,F,2005,0.016666666666666666,2.620833333333333,1.0,174.0,0.005747126436781609,Chicago
96107,F,2005,0.016666666666666666,2.6375,4.0,174.0,0.022988505747126436,Chicago
96107,F,2005,0.016666666666666666,2.6791666666666667,2.0,174.0,0.011494252873563218,Chicago
96107,F,2005,0.016666666666666666,2.6958333333333333,2.0,174.0,0.011494252873563218,Chicago
96107,F,2005,0.025,2.658333333333333,3.0,174.0,0.017241379310344827,Chicago
96107,F,2005,0.025,2.716666666666667,2.0,174.0,0.011494252873563218,Chicago
96107,F,2005,0.025,2.7416666666666667,5.0,174.0,0.028735632183908046,Chicago
96107,F,2005,0.025,2.7666666666666666,10.0,174.0,0.05747126436781609,Chicago
96107,F,2005,0.025,2.7916666666666665,5.0,174.0,0.028735632183908046,Chicago
96107,F,2005,0.025,2.85,11.0,174.0,0.06321839080459771,Chicago
96107,F,2005,0.03333333333333333,2.8208333333333333,19.0,174.0,0.10919540229885058,Chicago
96107,F,2005,0.03333333333333333,2.879166666666667,14.0,174.0,0.08045977011494253,Chicago
96107,F,2005,0.041666666666666664,2.9166666666666665,11.0,174.0,0.06321839080459771,Chicago
96107,F,2005,0.075,2.975,64.0,174.0,0.367816091954023,Chicago
96107,F,2010,0.004166666666666667,2.502083333333333,0.0,135.0,0.0,Chicago
96107,F,2010,0.008333333333333333,2.525,0.0,135.0,0.0,Chicago
96107,F,2010,0.016666666666666666,2.5125,1.0,135.0,0.007407407407407408,Chicago
96107,F,2010,0.016666666666666666,2.5375,2.0,135.0,0.014814814814814815,Chicago
96107,F,2010,0.016666666666666666,2.5541666666666667,3.0,135.0,0.022222222222222223,Chicago
96107,F,2010,0.016666666666666666,2.5708333333333333,0.0,135.0,0.0,Chicago
96107,F,2010,0.016666666666666666,2.5875,1.0,135.0,0.007407407407407408,Chicago
96107,F,2010,0.016666666666666666,2.6041666666666665,1.0,135.0,0.007407407407407408,Chicago
96107,F,2010,0.016666666666666666,2.620833333333333,5.0,135.0,0.037037037037037035,Chicago
96107,F,2010,0.016666666666666666,2.6375,0.0,135.0,0.0,Chicago
96107,F,2010,0.016666666666666666,2.6791666666666667,0.0,135.0,0.0,Chicago
96107,F,2010,0.016666666666666666,2.6958333333333333,1.0,135.0,0.007407407407407408,Chicago
96107,F,2010,0.025,2.658333333333333,3.0,135.0,0.022222222222222223,Chicago
96107,F,2010,0.025,2.716666666666667,2.0,135.0,0.014814814814814815,Chicago
96107,F,2010,0.025,2.7416666666666667,8.0,135.0,0.05925925925925926,Chicago
96107,F,2010,0.025,2.7666666666666666,11.0,135.0,0.08148148148148149,Chicago
96107,F,2010,0.025,2.7916666666666665,5.0,135.0,0.037037037037037035,Chicago
96107,F,2010,0.025,2.85,7.0,135.0,0.05185185185185185,Chicago
96107,F,2010,0.03333333333333333,2.8208333333333333,12.0,135.0,0.08888888888888889,Chicago
96107,F,2010,0.03333333333333333,2.879166666666667,23.0,135.0,0.17037037037037037,Chicago
96107,F,2010,0.041666666666666664,2.9166666666666665,15.0,135.0,0.1111111111111111,Chicago
96107,F,2010,0.075,2.975,35.0,135.0,0.25925925925925924,Chicago
96107,F,2015,0.004166666666666667,2.502083333333333,2.0,469.0,0.0042643923240938165,Chicago
96107,F,2015,0.008333333333333333,2.525,3.0,469.0,0.006396588486140725,Chicago
96107,F,2015,0.016666666666666666,2.5125,2.0,469.0,0.0042643923240938165,Chicago
96107,F,2015,0.016666666666666666,2.5375,5.0,469.0,0.010660980810234541,Chicago
96107,F,2015,0.016666666666666666,2.5541666666666667,3.0,469.0,0.006396588486140725,Chicago
96107,F,2015,0.016666666666666666,2.5708333333333333,7.0,469.0,0.014925373134328358,Chicago
96107,F,2015,0.016666666666666666,2.5875,5.0,469.0,0.010660980810234541,Chicago
96107,F,2015,0.016666666666666666,2.6041666666666665,3.0,469.0,0.006396588486140725,Chicago
96107,F,2015,0.016666666666666666,2.620833333333333,3.0,469.0,0.006396588486140725,Chicago
96107,F,2015,0.016666666666666666,2.6375,9.0,469.0,0.019189765458422176,Chicago
96107,F,2015,0.016666666666666666,2.6791666666666667,8.0,469.0,0.017057569296375266,Chicago
96107,F,2015,0.016666666666666666,2.6958333333333333,9.0,469.0,0.019189765458422176,Chicago
96107,F,2015,0.025,2.658333333333333,16.0,469.0,0.03411513859275053,Chicago
96107,F,2015,0.025,2.716666666666667,23.0,469.0,0.04904051172707889,Chicago
96107,F,2015,0.025,2.7416666666666667,11.0,469.0,0.023454157782515993,Chicago
96107,F,2015,0.025,2.7666666666666666,22.0,469.0,0.046908315565031986,Chicago
96107,F,2015,0.025,2.7916666666666665,26.0,469.0,0.05543710021321962,Chicago
96107,F,2015,0.025,2.85,30.0,469.0,0.06396588486140725,Chicago
96107,F,2015,0.03333333333333333,2.8208333333333333,39.0,469.0,0.08315565031982942,Chicago
96107,F,2015,0.03333333333333333,2.879166666666667,37.0,469.0,0.07889125799573561,Chicago
96107,F,2015,0.041666666666666664,2.9166666666666665,68.0,469.0,0.14498933901918976,Chicago
96107,F,2015,0.075,2.975,138.0,469.0,0.2942430703624733,Chicago
96107,M,1995,0.004166666666666667,2.502083333333333,5.0,1036.0,0.004826254826254826,Chicago
96107,M,1995,0.008333333333333333,2.525,2.0,1036.0,0.0019305019305019305,Chicago
96107,M,1995,0.016666666666666666,2.5125,7.0,1036.0,0.006756756756756757,Chicago
96107,M,1995,0.016666666666666666,2.5375,9.0,1036.0,0.008687258687258687,Chicago
96107,M,1995,0.016666666666666666,2.5541666666666667,11.0,1036.0,0.010617760617760617,Chicago
96107,M,1995,0.016666666666666666,2.5708333333333333,12.0,1036.0,0.011583011583011582,Chicago
96107,M,1995,0.016666666666666666,2.5875,19.0,1036.0,0.01833976833976834,Chicago
96107,M,1995,0.016666666666666666,2.6041666666666665,28.0,1036.0,0.02702702702702703,Chicago
96107,M,1995,0.016666666666666666,2.620833333333333,13.0,1036.0,0.012548262548262547,Chicago
96107,M,1995,0.016666666666666666,2.6375,18.0,1036.0,0.017374517374517374,Chicago
96107,M,1995,0.016666666666666666,2.6791666666666667,15.0,1036.0,0.01447876447876448,Chicago
96107,M,1995,0.016666666666666666,2.6958333333333333,26.0,1036.0,0.025096525096525095,Chicago
96107,M,1995,0.025,2.658333333333333,25.0,1036.0,0.02413127413127413,Chicago
96107,M,1995,0.025,2.716666666666667,30.0,1036.0,0.02895752895752896,Chicago
96107,M,1995,0.025,2.7416666666666667,49.0,1036.0,0.0472972972972973,Chicago
96107,M,1995,0.025,2.7666666666666666,43.0,1036.0,0.041505791505791506,Chicago
96107,M,1995,0.025,2.7916666666666665,52.0,1036.0,0.05019305019305019,Chicago
96107,M,1995,0.025,2.85,57.0,1036.0,0.05501930501930502,Chicago
96107,M,1995,0.03333333333333333,2.8208333333333333,87.0,1036.0,0.08397683397683398,Chicago
96107,M,1995,0.03333333333333333,2.879166666666667,86.0,1036.0,0.08301158301158301,Chicago
96107,M,1995,0.041666666666666664,2.9166666666666665,122.0,1036.0,0.11776061776061776,Chicago
96107,M,1995,0.075,2.975,320.0,1036.0,0.3088803088803089,Chicago
96107,M,2000,0.004166666666666667,2.502083333333333,3.0,1020.0,0.0029411764705882353,Chicago
96107,M,2000,0.008333333333333333,2.525,4.0,1020.0,0.00392156862745098,Chicago
96107,M,2000,0.016666666666666666,2.5125,16.0,1020.0,0.01568627450980392,Chicago
96107,M,2000,0.016666666666666666,2.5375,12.0,1020.0,0.011764705882352941,Chicago
96107,M,2000,0.016666666666666666,2.5541666666666667,25.0,1020.0,0.024509803921568627,Chicago
96107,M,2000,0.016666666666666666,2.5708333333333333,26.0,1020.0,0.025490196078431372,Chicago
96107,M,2000,0.016666666666666666,2.5875,28.0,1020.0,0.027450980392156862,Chicago
96107,M,2000,0.016666666666666666,2.6041666666666665,18.0,1020.0,0.01764705882352941,Chicago
96107,M,2000,0.016666666666666666,2.620833333333333,24.0,1020.0,0.023529411764705882,Chicago
96107,M,2000,0.016666666666666666,2.6375,19.0,1020.0,0.018627450980392157,Chicago
96107,M,2000,0.016666666666666666,2.6791666666666667,23.0,1020.0,0.022549019607843137,Chicago
96107,M,2000,0.016666666666666666,2.6958333333333333,31.0,1020.0,0.030392156862745098,Chicago
96107,M,2000,0.025,2.658333333333333,28.0,1020.0,0.027450980392156862,Chicago
96107,M,2000,0.025,2.716666666666667,36.0,1020.0,0.03529411764705882,Chicago
96107,M,2000,0.025,2.7416666666666667,35.0,1020.0,0.03431372549019608,Chicago
96107,M,2000,0.025,2.7666666666666666,55.0,1020.0,0.05392156862745098,Chicago
96107,M,2000,0.025,2.7916666666666665,41.0,1020.0,0.04019607843137255,Chicago
96107,M,2000,0.025,2.85,31.0,1020.0,0.030392156862745098,Chicago
96107,M,2000,0.03333333333333333,2.8208333333333333,74.0,1020.0,0.07254901960784314,Chicago
96107,M,2000,0.03333333333333333,2.879166666666667,83.0,1020.0,0.08137254901960785,Chicago
96107,M,2000,0.041666666666666664,2.9166666666666665,111.0,1020.0,0.10882352941176471,Chicago
96107,M,2000,0.075,2.975,297.0,1020.0,0.2911764705882353,Chicago
96107,M,2005,0.004166666666666667,2.502083333333333,8.0,1258.0,0.006359300476947536,Chicago
96107,M,2005,0.008333333333333333,2.525,10.0,1258.0,0.00794912559618442,Chicago
96107,M,2005,0.016666666666666666,2.5125,17.0,1258.0,0.013513513513513514,Chicago
96107,M,2005,0.016666666666666666,2.5375,29.0,1258.0,0.023052464228934817,Chicago
96107,M,2005,0.016666666666666666,2.5541666666666667,27.0,1258.0,0.021462639109697933,Chicago
96107,M,2005,0.016666666666666666,2.5708333333333333,16.0,1258.0,0.012718600953895072,Chicago
96107,M,2005,0.016666666666666666,2.5875,21.0,1258.0,0.016693163751987282,Chicago
96107,M,2005,0.016666666666666666,2.6041666666666665,27.0,1258.0,0.021462639109697933,Chicago
96107,M,2005,0.016666666666666666,2.620833333333333,28.0,1258.0,0.022257551669316374,Chicago
96107,M,2005,0.016666666666666666,2.6375,19.0,1258.0,0.015103338632750398,Chicago
96107,M,2005,0.016666666666666666,2.6791666666666667,23.0,1258.0,0.018282988871224166,Chicago
96107,M,2005,0.016666666666666666,2.6958333333333333,31.0,1258.0,0.0246422893481717,Chicago
96107,M,2005,0.025,2.658333333333333,46.0,1258.0,0.03656597774244833,Chicago
96107,M,2005,0.025,2.716666666666667,46.0,1258.0,0.03656597774244833,Chicago
96107,M,2005,0.025,2.7416666666666667,46.0,1258.0,0.03656597774244833,Chicago
96107,M,2005,0.025,2.7666666666666666,44.0,1258.0,0.034976152623211444,Chicago
96107,M,2005,0.025,2.7916666666666665,58.0,1258.0,0.046104928457869634,Chicago
96107,M,2005,0.025,2.85,51.0,1258.0,0.04054054054054054,Chicago
96107,M,2005,0.03333333333333333,2.8208333333333333,78.0,1258.0,0.06200317965023847,Chicago
96107,M,2005,0.03333333333333333,2.879166666666667,97.0,1258.0,0.07710651828298887,Chicago
96107,M,2005,0.041666666666666664,2.9166666666666665,139.0,1258.0,0.11049284578696343,Chicago
96107,M,2005,0.075,2.975,397.0,1258.0,0.31558028616852146,Chicago
96107,M,2010,0.004166666666666667,2.502083333333333,2.0,593.0,0.003372681281618887,Chicago
96107,M,2010,0.008333333333333333,2.525,7.0,593.0,0.011804384485666104,Chicago
96107,M,2010,0.016666666666666666,2.5125,7.0,593.0,0.011804384485666104,Chicago
96107,M,2010,0.016666666666666666,2.5375,14.0,593.0,0.023608768971332208,Chicago
96107,M,2010,0.016666666666666666,2.5541666666666667,12.0,593.0,0.02023608768971332,Chicago
96107,M,2010,0.016666666666666666,2.5708333333333333,7.0,593.0,0.011804384485666104,Chicago
96107,M,2010,0.016666666666666666,2.5875,13.0,593.0,0.021922428330522766,Chicago
96107,M,2010,0.016666666666666666,2.6041666666666665,12.0,593.0,0.02023608768971332,Chicago
96107,M,2010,0.016666666666666666,2.620833333333333,9.0,593.0,0.01517706576728499,Chicago
96107,M,2010,0.016666666666666666,2.6375,18.0,593.0,0.03035413153456998,Chicago
96107,M,2010,0.016666666666666666,2.6791666666666667,13.0,593.0,0.021922428330522766,Chicago
96107,M,2010,0.016666666666666666,2.6958333333333333,22.0,593.0,0.03709949409780776,Chicago
96107,M,2010,0.025,2.658333333333333,24.0,593.0,0.04047217537942664,Chicago
96107,M,2010,0.025,2.716666666666667,20.0,593.0,0.03372681281618887,Chicago
96107,M,2010,0.025,2.7416666666666667,26.0,593.0,0.04384485666104553,Chicago
96107,M,2010,0.025,2.7666666666666666,30.0,593.0,0.050590219224283306,Chicago
96107,M,2010,0.025,2.7916666666666665,35.0,593.0,0.05902192242833052,Chicago
96107,M,2010,0.025,2.85,30.0,593.0,0.050590219224283306,Chicago
96107,M,2010,0.03333333333333333,2.8208333333333333,48.0,593.0,0.08094435075885328,Chicago
96107,M,2010,0.03333333333333333,2.879166666666667,42.0,593.0,0.07082630691399663,Chicago
96107,M,2010,0.041666666666666664,2.9166666666666665,41.0,593.0,0.06913996627318718,Chicago
96107,M,2010,0.075,2.975,161.0,593.0,0.2715008431703204,Chicago
96107,M,2015,0.004166666666666667,2.502083333333333,7.0,3140.0,0.0022292993630573248,Chicago
96107,M,2015,0.008333333333333333,2.525,14.0,3140.0,0.0044585987261146496,Chicago
96107,M,2015,0.016666666666666666,2.5125,23.0,3140.0,0.00732484076433121,Chicago
96107,M,2015,0.016666666666666666,2.5375,40.0,3140.0,0.012738853503184714,Chicago
96107,M,2015,0.016666666666666666,2.5541666666666667,32.0,3140.0,0.01019108280254777,Chicago
96107,M,2015,0.016666666666666666,2.5708333333333333,32.0,3140.0,0.01019108280254777,Chicago
96107,M,2015,0.016666666666666666,2.5875,40.0,3140.0,0.012738853503184714,Chicago
96107,M,2015,0.016666666666666666,2.6041666666666665,40.0,3140.0,0.012738853503184714,Chicago
96107,M,2015,0.016666666666666666,2.620833333333333,46.0,3140.0,0.01464968152866242,Chicago
96107,M,2015,0.016666666666666666,2.6375,45.0,3140.0,0.014331210191082803,Chicago
96107,M,2015,0.016666666666666666,2.6791666666666667,49.0,3140.0,0.015605095541401274,Chicago
96107,M,2015,0.016666666666666666,2.6958333333333333,56.0,3140.0,0.017834394904458598,Chicago
96107,M,2015,0.025,2.658333333333333,85.0,3140.0,0.027070063694267517,Chicago
96107,M,2015,0.025,2.716666666666667,114.0,3140.0,0.03630573248407643,Chicago
96107,M,2015,0.025,2.7416666666666667,125.0,3140.0,0.03980891719745223,Chicago
96107,M,2015,0.025,2.7666666666666666,120.0,3140.0,0.03821656050955414,Chicago
96107,M,2015,0.025,2.7916666666666665,148.0,3140.0,0.04713375796178344,Chicago
96107,M,2015,0.025,2.85,173.0,3140.0,0.05509554140127389,Chicago
96107,M,2015,0.03333333333333333,2.8208333333333333,206.0,3140.0,0.06560509554140127,Chicago
96107,M,2015,0.03333333333333333,2.879166666666667,265.0,3140.0,0.08439490445859872,Chicago
96107,M,2015,0.041666666666666664,2.9166666666666665,427.0,3140.0,0.1359872611464968,Chicago
96107,M,2015,0.075,2.975,1053.0,3140.0,0.33535031847133756,Chicago
